Max_Temperature_C,Min_Temperature_C,GDD,Humidity_Level,Soil_Type,Daily_Precipitation_mm,Sunlight_Duration_hrs
26.4901424590337,11.852355095063283,19.17124877704849,46.69930329036279,Sandy,1.107484453189581,8.852439647100443
24.585207096486446,13.818833280940261,19.202020188713355,44.18271361337601,Loam,7.595824101146318,9.806038438267226
26.94306561430208,7.202864852361717,17.0729652333319,65.45720998174546,Loam,9.88065566652774,11.996797489293783
29.569089569224076,11.125938473381142,20.347514021302608,68.25902905947605,Sandy,9.012960107746489,6.628848389985433
24.29753987582999,8.698714861756347,16.49812736879317,41.26344579302568,Sandy,6.516679187064259,8.991424797034256
24.29758912915246,9.025749232470607,16.661669180811533,77.4484898497476,Loam,3.14060794992732,8.310720719415
29.737638446522176,8.815212151522262,19.27642529902222,42.0788513460589,Loam,2.5432198117831675,11.194920991334131
27.302304187458727,8.272018460640368,17.78716132404955,61.65185341204282,Loam,8.192551048714611,8.855806386069936
23.591576842195146,10.097043255889654,16.8443100490424,68.36242077803666,Clay,8.798219139516952,6.665865147510889
26.627680130757895,8.338099767177924,17.48288994896791,74.83876494984342,Sandy,5.254349125456929,9.806544871719503
23.609746921562614,10.540913651559677,17.075330286561147,68.56347728529711,Clay,2.4433994078646615,10.624683709583278
23.60281073928923,9.899523781101726,16.751167260195476,72.06912332279168,Sandy,1.1294320841117356,6.017287509993688
25.725886814698104,9.52210390626718,17.623995360482642,53.57800770171224,Sandy,0.8717946783183117,11.153740112523778
19.260159266026605,8.184872675916804,13.722515970971704,72.5930045498605,Sandy,7.190774473538556,7.1161380000339935
19.8252465024609,8.846457338863335,14.335851920662117,43.204593855387,Sandy,4.201187278477249,9.312416187920267
23.313137412277083,11.510782451651512,17.411959931964297,75.7926662424211,Sandy,9.053598742778703,8.4947850041247
21.961506638996728,11.001834375248762,16.481670507122743,61.90369504614945,Sandy,7.396713007267637,10.317922899663182
25.94274199778582,8.044889510402898,16.99381575409436,72.69191079849975,Sandy,1.912604179145867,8.226969688714451
22.27592777343637,10.19866461085845,16.23729619214741,58.092731380732005,Clay,6.137774188156991,11.218579060090264
20.763088895994127,11.502774246743577,16.13293157136885,65.743107807861,Loam,4.355054543981593,10.382978165752741
29.39694630676466,6.6611894377572565,18.02906787226096,61.05610643744453,Loam,5.77249730768613,9.88627902637753
24.322671098540393,11.08672038475987,17.70469574165013,69.26358087021327,Clay,7.380691233385171,10.777443573377127
25.20258461406377,8.674752482108307,16.93866854808604,43.26519928122358,Clay,8.061958810037908,10.524138209570294
20.72575544135963,11.141197337186318,15.933476389272975,42.41408335962255,Clay,8.437373264067244,6.2156320495293205
23.36685182642445,8.473481686914965,15.920166756669708,49.88412936040586,Clay,2.5397487457202472,8.368406123068969
25.3327677691296,6.390235798670962,15.86150178390028,46.381787204527534,Sandy,0.31115599917357684,11.58484378389894
21.54701926773309,6.744915124233675,14.145967195983383,74.87134266368807,Loam,7.392947351647732,6.754345613953357
26.127094055037016,10.096169893322765,18.11163197417989,48.76855949432177,Sandy,1.063437262557746,10.422579302592307
23.198083930243584,10.519445003442964,16.858764466843276,79.03461023276526,Loam,3.1491958861296765,11.847550868011979
24.124918750620168,8.191366749791182,16.158142750205677,53.47583167084427,Loam,0.038171341243471435,6.31319177426983
23.194880163311808,11.277184917554749,17.23603254043328,47.28471662754797,Clay,6.816694824016201,10.093163283759662
30.0,6.67695987546208,18.33847993773104,71.58794028569916,Sandy,1.6713201147122125,8.808924847806182
24.9595083257862,9.867840402705367,17.413674364245782,66.34831102003504,Clay,6.552824096916582,9.475051532248333
21.8268672131323,7.577967600475087,14.702417406803693,59.92782865812556,Sandy,9.917426171678388,6.512048018905949
27.467634736309567,8.696327784395681,18.081981260352624,62.214542037505254,Loam,0.7267087161001629,6.258041711201637
21.337469050086934,10.094797342632829,15.71613319635988,68.76807113089055,Clay,0.7707801195146069,10.001199963305531
25.626590785014265,8.279173269432095,16.95288202722318,49.13818965325195,Clay,3.403800926666749,10.939856578924307
19.120989628360675,9.23088891154035,14.175939269950511,79.85335664226967,Loam,8.663865142513421,10.692092009597804
21.015441853304708,12.012585618428881,16.514013735866794,78.99172648587133,Loam,2.1552986879133185,9.262834367197424
25.590583707607372,8.846216260953703,17.218399984280538,66.01302745387747,Loam,3.6037781993034756,6.599200926817069
27.215399739986232,11.671384224130284,19.44339198205826,47.981698037165806,Clay,0.6850540662697957,10.128266663016083
25.51410484356991,7.740586290684764,16.627345567127335,67.20912969725165,Sandy,7.6315529125888935,7.451333301324876
24.65305515283528,11.059608355830566,17.85633175433292,42.887936359167036,Clay,4.083063427594511,11.4664122166043
24.096688913232132,12.8831372413158,18.489913077273968,41.22610008823224,Sandy,7.592487330608428,11.02959215727423
20.56443402889772,5.056710999745421,12.81057251432157,50.30731554044855,Clay,9.03607844346795,10.256297802524346
22.840467374815873,8.406209489059046,15.623338431937459,58.504918269572656,Clay,2.3276314710128876,11.693075734986783
23.618083687120638,11.15414425436108,17.38611397074086,74.73090021633521,Loam,8.073960303399513,6.188530929067637
28.171366678656746,9.593909227914015,18.882637953285382,69.08676279065233,Sandy,0.5909389007825328,10.417202550364571
26.030854868705383,10.742291746742618,18.386573307724,69.70826084799924,Clay,8.988473881802474,7.981456676018432
19.7108795339118,8.79202962656836,14.251454580240079,57.01973337792302,Clay,6.507685475587474,11.436395314118192
25.972251908184386,10.1731795749458,18.072715741565094,53.83739970187852,Loam,8.742267241383516,7.6000511799718655
23.84475315875105,9.68864552921584,16.766699343983447,54.84155051938411,Loam,0.0018839955658189744,10.349138995890103
22.969233999082125,12.335564123319614,17.652399061200867,79.50598254944231,Sandy,1.6908107035599251,11.265882117904688
26.835028866522602,10.508841686602427,18.671935276562515,41.6043676564993,Clay,3.8975938742649205,6.249940910296095
28.092998567487854,10.675205324150404,19.38410194581913,74.68125984489794,Sandy,3.795029033747186,8.385885477552216
27.793840357348596,9.176246067755065,18.48504321255183,63.14701634289574,Clay,2.2673038292351064,10.573854192131632
22.482347430332084,9.024787551855013,15.753567491093548,57.54461676758362,Sandy,3.816119398672001,8.729513337045523
24.072362872446355,9.134883624360759,16.603623248403558,69.01030641660546,Loam,1.2884871200025483,7.603515778761572
25.99379029421069,10.788904284756594,18.39134728948364,59.466757656988115,Clay,4.12761129266026,7.31883209293914
27.926635381367078,9.158031038359475,18.542333209863276,74.93692952326643,Sandy,8.023543291592642,6.789109601498268
23.56247728646413,10.579549713792826,17.07101350012848,76.02807456045034,Loam,4.790700631033512,11.142777359137693
24.44302307000855,14.150801597290878,19.296912333649715,56.86883707493821,Loam,0.18000088945214987,9.452132419509336
21.680995077981915,11.742249406863385,16.71162224242265,51.073111889402064,Sandy,4.214440415792474,6.458309669948736
21.411380127757987,9.347952935664317,15.379666531711152,63.69401314373449,Clay,0.2717501609084416,8.295481941423812
27.437577467182592,12.402427844327889,19.92000265575524,76.49453382466764,Clay,9.662434107067982,8.20640190483066
29.06872008571247,9.183849253956897,19.126284669834682,48.42648756022666,Loam,1.2745395942286897,7.090435144256778
24.783969635258998,5.923750929644292,15.353860282451645,64.9186633425393,Clay,7.076883263306187,8.613045752833145
28.010598693676073,7.983827378165191,17.99721303592063,65.26240880370082,Clay,9.727763228920859,7.9925961923588185
26.084908075142902,6.258416157948289,16.171662116545594,69.32452089661123,Clay,8.26039051666572,8.050822232953095
23.06464073618463,9.296973031917382,16.180806884051005,45.262707405090396,Loam,6.993153751262037,10.434159346727752
26.084186816525243,10.036836758379103,18.06051178745217,68.63299858728354,Sandy,8.394609095007668,7.339580313031178
29.614109699397908,13.352874624550566,21.483492161974237,76.36130082662564,Clay,9.817986932606276,9.851159753132134
24.892521882670145,10.653854747528325,17.773188315099233,47.187324354809675,Loam,6.213444972535296,9.42389774328561
29.693930967442018,9.561798942382271,19.627864954912145,49.501732996955106,Loam,5.591848068293265,9.408555074027204
18.0,11.658811162366979,14.82940558118349,78.85580376166558,Sandy,6.2823811046328135,9.978044076850654
27.465707513125672,5.57772938198423,16.52171844755495,47.23907810837959,Clay,5.32675886761555,9.290292217173924
25.261141204714512,10.471229116217131,17.86618516046582,74.17540373478317,Clay,6.350891059097188,11.275530689078309
24.102977948602398,11.541730387773933,17.822354168188166,59.69111425792139,Sandy,4.498422079725593,10.053480551701558
25.275282329606508,7.0428275084403165,16.15905491902341,49.88924297612708,Sandy,2.184431828833071,9.281779508228329
19.037293256197323,12.287508086413858,15.66240067130559,74.82999605090046,Loam,1.2024722651167563,10.978578721725869
24.340984336487463,10.676992814988829,17.508988575738144,57.81221020010662,Loam,0.6834093553226039,9.636879389600878
26.07133771453524,9.169424172198397,17.62038094336682,60.59269415718761,Sandy,2.633157837532001,7.746865486711074
29.433682134224547,11.26556373221257,20.34962293321856,54.36933477599062,Clay,0.46123564335733835,7.242569509059427
23.44518934517906,14.541385715608792,18.993287530393925,63.7180340573971,Loam,5.671707799193856,6.913966713976073
22.574519191320437,10.363732510116991,16.469125850718715,46.54095490340091,Loam,2.8382844702352026,11.39673127527661
23.49472886924639,10.496441172600672,16.99558502092353,55.64326146607043,Clay,8.245348080870322,10.260812590788394
27.746206353106224,9.081278200919511,18.41374227701287,78.7764928934115,Loam,0.7424087298838644,11.624270628985926
25.986253328979053,8.300311261070416,17.143282295024733,50.3253373080451,Clay,2.2635149434148594,9.619750834289658
23.410719388698883,11.66067163308849,17.53569551089369,66.26946658165168,Clay,7.302461470901459,8.840405288969475
26.539802299340067,8.287832348182265,17.413817323761165,53.00760256898779,Clay,5.9880829638349145,6.358298933825336
25.291232648044122,10.143132474438785,17.717182561241454,70.93892502746402,Sandy,0.6449127124916754,10.029853689276178
27.90593497159867,9.044685106469768,18.47531003903422,45.23494642873399,Sandy,8.772394571622005,9.493252558609388
22.893840718367944,10.957959651492784,16.925900184930363,78.79284180314178,Sandy,8.772617628261795,11.941253361525728
24.017013560206696,10.667324210573897,17.342168885390297,58.151581655345566,Clay,3.3040800387577383,7.434952666693459
23.823675540603528,12.075079888515798,17.949377714559663,49.44201853385856,Clay,3.404058433495647,9.184424131721016
20.609455155603644,8.979967202290506,14.794711178947075,42.93986989320051,Sandy,9.89028358350174,9.905744010708435
25.88836083119373,9.460250129413257,17.674305480303495,46.79031620350163,Loam,6.261761715931382,9.867547048454062
25.783165816539668,8.042472568435386,16.912819192487525,60.79095794224071,Clay,5.313165205680591,9.367761257690416
25.015340369927383,9.111413479847776,17.063376924887578,53.48012705725145,Loam,8.381521835519244,10.661568061963353
24.29623859987456,10.754600986089704,17.52541979298213,73.15533463530437,Loam,2.8529033835731643,7.2298872571608985
20.753887773848756,11.513977233290703,16.13393250356973,57.235500946472236,Clay,4.291825933963569,10.353763201646494
23.738064031703924,8.155669351644748,15.946866691674337,49.9485709035052,Clay,2.6777667548833417,9.718407428598535
23.971856450419693,11.73921184021132,17.855534145315506,64.6857994641612,Loam,7.891608465887314,11.37645067076744
22.593168192335142,12.711275717609901,17.65222195497252,68.27108867541783,Loam,5.73349345635218,11.08316663420149
24.516142865001974,10.826869806447402,17.671506335724686,46.68167631603799,Sandy,6.588250701400705,7.89088223479532
26.212152570443614,13.753591625116131,19.98287209777987,46.7047686515327,Sandy,2.5230724983940656,7.6574239498509185
30.0,8.452421601792853,19.226210800896425,41.46685707734172,Clay,2.2022530137731513,11.889919943114688
25.523733438495515,7.510690593377166,16.51721201593634,69.45608060262562,Sandy,4.8837462898293875,9.16359108549154
25.772651172168292,6.442559502191443,16.10760533717987,66.5521811048722,Sandy,7.375657490928268,11.438525783486622
24.7766622527015,12.992088622978367,18.884375437839932,58.98523502999255,Sandy,5.252397575201602,6.983286142682893
19.243686354102877,11.308731312708115,15.276208833405496,73.76681795876789,Sandy,0.32645677545668605,9.856913488801045
24.920458373652348,9.88883065817909,17.40464451591572,72.22680611800213,Loam,8.685515063202887,10.859161124163517
25.18069062982308,10.55993725263964,17.87031394123136,63.414174575870085,Clay,0.6468689351513157,11.684371497518681
30.0,7.7490219054032465,18.874510952701623,74.73085122053035,Sandy,9.558244837207523,8.02404084610214
24.422917105656634,14.891503959233653,19.65721053244514,48.23364840147073,Loam,0.25141958277272725,10.349887019544315
25.904642027000836,10.258442363950454,18.081542195475645,44.47678477590912,Loam,6.944504561307088,9.232878054237714
24.89586469088427,10.218789589209786,17.55732714004703,50.789984460679584,Loam,0.8220706371178166,6.363773556398809
21.493965887141403,11.451533247797384,16.472749567469393,42.28347424357259,Sandy,9.106765794351396,10.13999842385366
28.42846844354506,10.962018463473427,19.695243453509242,61.24678112004128,Sandy,4.644332362255428,10.14057934942706
27.255799098060322,10.447768048558263,18.85178357330929,77.46422769179846,Clay,1.3752377481701539,11.583640829079222
27.373095841129143,8.419051089109375,17.896073465119258,41.573741626740386,Sandy,3.408156997898466,8.983874677013834
22.271837635615782,10.942936714271992,16.607387174943888,44.88439656040107,Sandy,1.6482467534676204,7.381505524263088
29.2083829328083,13.764048992950068,21.486215962879182,58.08796113133741,Loam,1.7058191155709002,6.267382940692075
20.794446811623157,12.690840092309955,16.742643451966558,77.3550007011162,Clay,9.481083201714423,8.493853120115434
26.76057128140081,13.186373253278795,19.9734722673398,52.64624419907002,Sandy,4.452461122847882,7.8115002004650105
30.0,8.97756864713763,19.488784323568815,60.289392347535696,Sandy,7.888022639053595,10.566529836143253
22.028391024607934,8.020790359482838,15.024590692045386,41.662914362015684,Loam,6.396055611776818,8.12560658904628
23.301106811191683,9.748426159800704,16.524766485496194,45.93372803848355,Loam,6.764263623383923,11.694427177889064
25.298954095262925,10.11144982457739,17.705201959920156,79.46520491835388,Sandy,1.3169343847203852,11.773861217926704
23.489573037651404,12.188383036941897,17.83897803729665,78.60474785744182,Clay,2.3418444681548567,9.72545154130625
20.3480097068016,6.615070740570362,13.481540223685982,40.19759923737639,Clay,7.86750335154437,11.571961722089299
25.205688924418084,13.059100638921228,19.132394781669657,78.07247141692956,Loam,9.70766206474783,10.565126067086974
21.813088858821686,9.683984202842021,15.748536530831853,65.56479751262002,Loam,2.6267564259865175,9.281157845850757
26.420777291905544,9.14623786010516,17.783507576005352,74.71673178080088,Sandy,2.7156876475103986,7.081847612536668
22.241727297298592,7.975791249479665,15.10875927338913,58.18959422535436,Loam,4.728971328109049,8.75158766108304
29.649803215052618,6.690286656268461,18.17004493566054,60.62384114317001,Sandy,9.83840312855438,9.365246780175706
22.65024012299129,11.64634116792383,17.148290645457557,59.55386321027681,Clay,2.6895894582647104,11.18376948441006
24.033815451382974,10.146635934376807,17.09022569287989,66.67457030184417,Clay,4.069719096342639,8.888000259213989
27.440551652109008,7.420078200517892,17.43031492631345,45.586050190252514,Sandy,8.914800156235067,11.38604803606774
21.307407050698135,7.409842455872768,14.35862475328545,41.19894359490712,Loam,0.029210326213620075,10.046093874140814
25.68237980381239,9.328430601419743,17.505405202616068,52.31719766364763,Clay,0.39765964988569547,6.821994378322028
28.921428262847286,13.338043050578786,21.129735656713038,68.18723050946588,Loam,6.0407167707121925,11.969888215950558
20.17755029631632,9.48081729727279,14.829183796794554,48.074138084917934,Clay,9.07380164712847,9.163395964523476
25.553901575596914,6.993714093763788,16.27380783468035,66.93729733299669,Sandy,2.3885666040192763,8.351149778454474
25.779648382745272,9.50851387182811,17.64408112728669,78.79648184429081,Sandy,4.69641774680709,9.95468258681716
27.34546861533193,9.45455286050466,18.400010737918294,43.75602863157673,Sandy,4.504653016578183,6.6533598838862344
21.289147867365756,5.0,13.144573933682878,66.90408472900505,Clay,4.729713460955102,9.819231880520126
21.03863016074717,9.891410266964376,15.465020213855773,57.750008772182845,Loam,6.225196957297452,8.989416002995638
26.565824696850694,9.538130939582643,18.05197781821667,74.72569017510021,Loam,4.697437629906838,8.440044419991498
25.890954019699556,11.392412729626837,18.641683374663195,47.085991577895435,Loam,4.4746814132245785,11.718120127073394
25.75147855103763,13.69791218989069,19.72469537046416,67.70503808904658,Clay,4.742884204312605,9.13523830039232
26.039344628490927,12.253130059095515,19.14623734379322,73.52461158592442,Clay,5.908674412710415,7.314704876819631
22.959925835264528,9.462222618890339,16.211074227077432,77.78456877896093,Clay,5.370074883513584,8.753780876263793
25.696761091483012,7.786948182516659,16.741854636999836,67.32992113158583,Clay,8.541359976505042,11.516324427436036
25.879217419896044,15.0,20.439608709948022,59.8869905603371,Clay,0.49496853493666615,7.056572827983568
22.856945745920896,10.118436868028976,16.487691306974938,64.71388960804856,Loam,8.333170714730125,7.283742232129422
30.0,10.027858583825893,20.013929291912945,74.75619937914873,Clay,8.43924612611724,6.078177406542503
26.42149876273536,9.951749825779993,18.186624294257676,62.82438986555319,Clay,2.849080215309608,6.085140296374603
21.426089508392053,10.39616952153571,15.911129514963882,41.21548238787347,Loam,4.628519550158506,10.976349761751075
26.96966082590149,9.711279176152114,18.3404700010268,77.23794782027912,Clay,4.385384885374355,10.392735641057735
22.075954989318035,8.852675986239527,15.46431548777878,67.58107004126245,Loam,2.185098343541303,8.13024633871175
27.361253811227357,8.906282117519215,18.133767964373284,67.06053543108986,Loam,3.9679684708631644,10.189866943365438
28.47578673702221,9.934493459568003,19.205140098295107,48.62700609590868,Sandy,0.44387772170854434,8.371235557859821
22.537953044944867,8.91315045773247,15.725551751338669,66.35541880930629,Sandy,2.7782207278173443,11.717380775986964
27.890128387732965,8.57430843464567,18.23221841118932,55.754576226166336,Sandy,8.16682175450718,11.802316088556209
26.238342780809496,10.212860455383794,18.225601618096647,66.04931908165969,Sandy,2.8456230176289754,8.35676265485606
27.46618047998347,9.49004556515829,18.47811302257088,44.26372121231963,Clay,8.182066687482475,11.125331438045208
30.0,13.007985977165378,21.503992988582688,66.31381218412145,Sandy,5.315994646044309,10.638534250184797
24.26383565199139,5.0,14.631917825995695,79.97654903082666,Loam,8.7986267736116,7.859999623030736
22.73879150692753,12.183013703844924,17.460902605386227,41.92848155442224,Clay,5.747795542644152,7.392238973406636
22.33145671112343,12.492170384995259,17.411813548059342,79.0869673688527,Sandy,0.2966822306473982,8.749407902357003
22.552569145103686,5.853219535183701,14.202894340143693,56.27631842891482,Loam,6.754202075470892,10.688093043686438
24.76869487175769,9.314624811839302,17.041659841798495,74.83013801349037,Clay,0.4485356802356866,11.761006708372474
26.02345592444993,9.257118268008417,17.640287096229173,71.29541936233093,Clay,4.50597018983134,10.581474413199436
25.830072397990058,7.184976610564357,16.507524504277207,62.68065043946671,Sandy,9.29426694473114,11.13124191011022
27.481549747108073,8.44436662481825,17.96295818596316,69.53796837005306,Clay,1.6520393933785016,9.6183858370231
25.03900567563372,7.7788483090683425,16.40892699235103,75.14062245205392,Loam,3.8987235294154408,11.012446985052755
29.36060223147195,13.504540886847245,21.432571559159598,56.165612866041315,Clay,7.298603088484784,10.706525148020507
24.20602950028613,11.871356786294923,18.038693143290526,53.081326462529546,Loam,8.822585560948475,8.26191325155768
30.0,12.543110189988317,21.27155509499416,66.70373542254339,Clay,6.709430047425079,9.311941812724326
26.87700204329502,11.443344128086471,19.160173085690744,72.31383767765034,Sandy,2.581732541911692,10.82851873193817
22.42852733075115,7.741896457565542,15.085211894158347,70.49140539106463,Loam,6.746078529162162,6.276340405139738
21.78732250581666,8.950959467440452,15.369140986628556,71.91254595434538,Clay,2.9672764110409,10.84847569413498
26.447417245729557,10.978749122455836,18.713083184092696,57.42333259251732,Clay,7.184292298187352,7.067328744294141
24.329611644022446,7.555744382216109,15.942678013119277,72.71336864700086,Clay,9.540331275850406,9.088101702728633
27.142001482276275,11.425996860344776,19.283999171310526,44.808362214824335,Loam,7.213934511062883,10.849652637335627
26.419712873720634,9.51934920368373,17.969531038702183,61.77956391843398,Loam,8.628805029124123,7.522926468940169
24.78151326202938,9.250358384900805,17.015935823465092,40.230346419924864,Loam,0.02103843175883413,7.474844635836918
22.459618845794786,11.421919936406983,16.940769391100886,52.98343319601081,Sandy,7.175721247315944,8.41658639077351
20.455458325942406,10.88852662297208,15.671992474457243,54.65846139485592,Sandy,8.295875568652503,11.367856785465808
23.660455143798938,9.27806766836184,16.46926140608039,55.846907664370214,Loam,0.4055873754468142,6.002656688623247
27.569196382970418,12.318659606728495,19.943927994849457,67.8186882675945,Clay,8.715977272882306,11.40829857985161
25.642281232390612,7.837873344800205,16.74007728859541,55.54232405081383,Sandy,2.5669422831004587,6.9228421478496465
21.262783663864035,11.231871213888528,16.247327438876283,57.94774490490123,Loam,6.652921019780552,11.940518256404893
25.519542777553546,11.186202515936767,18.352872646745155,49.5017652349731,Clay,8.003548790234067,11.729081958230807
26.15595213918651,9.380907121372019,17.768429630279265,54.9300716651736,Sandy,6.6266451305935545,8.9680511375477
22.3484276913966,10.652266044484236,16.50034686794042,49.090785090526055,Clay,0.9228479207325724,9.07632148687577
25.461175317836584,7.497772847229394,16.479474082532988,42.92783695073774,Clay,5.963215188603684,8.889296041655125
25.174626155338,11.848054038413801,18.5113400968759,64.13794373525512,Clay,5.495836567221436,9.812661873957136
21.571089106508133,9.630195727114021,15.600642416811077,66.72851194220065,Clay,9.003212680742715,6.544330213409586
26.07336208104485,8.95455395896192,17.513958020003386,64.77961384038458,Sandy,4.042397296442092,6.1957076900493995
26.682353579104703,12.098018451673779,19.39018601538924,58.5397617520229,Sandy,3.2108109708705013,6.346217570495393
28.24915372952583,8.59131261891448,18.420233174220154,55.19143120716919,Sandy,7.498507644364663,8.666192095449087
28.16140615610471,7.183077407272881,17.672241781688797,74.53334598287302,Loam,4.126753260833967,7.6532876353169
20.866991896128727,6.8867416529521925,13.87686677454046,60.76327140544872,Sandy,6.46096175005063,9.732237374225964
22.18652488025463,11.21201990269128,16.699272391472956,59.16727510518924,Clay,6.46450090124607,11.954653736248673
26.54510580162598,7.439141295007434,16.992123548316705,41.02568263225743,Sandy,8.880390643601178,8.317939038458796
26.541357852736628,13.50958836396873,20.025473108352678,53.64991310504625,Clay,5.986924023190974,9.44304752462708
26.545143058918143,5.836141184232556,16.19064212157535,55.20782475143428,Loam,5.021536099619869,8.493623375444013
30.0,13.392912736580076,21.696456368290036,55.952911235876016,Clay,1.38871326396517,11.083630006331155
26.7126715320795,10.422034934405238,18.56735323324237,63.206894769093296,Clay,1.1573760667870536,11.413418420773429
28.406696920541798,9.806573776259215,19.106635348400506,61.34410186907514,Clay,1.5432156528307939,11.26413367323156
27.86200529047961,8.910161826382101,18.386083558430855,64.31620371173778,Loam,1.7184848132709452,11.846233432075547
26.954173753917395,10.798272228704143,18.87622299131077,70.59533046168514,Sandy,6.378770926636339,6.165115110842492
24.054192266078964,9.924730595150303,16.989461430614632,72.51942954864374,Sandy,7.409812502745785,11.038896972873186
27.276907661479804,12.206603764033042,19.741755712756422,68.72492304905978,Loam,5.299915229264187,10.510633038234559
22.681524356387285,10.228455297324079,16.45498982685568,78.22094783819739,Clay,8.290177325454911,7.372166456402189
24.289544179779973,10.300603522923755,17.295073851351866,40.729303307054465,Sandy,9.912632267336331,11.737920560325165
23.54390935651269,9.272775575572288,16.408342466042487,47.83111942734185,Loam,8.20012629119356,6.889067569379673
25.245622418158966,9.886108752557865,17.565865585358416,40.302514999125684,Sandy,6.948823736759592,10.07729956280345
30.0,10.615603537784118,20.30780176889206,65.89898856618412,Loam,5.3249269943714665,7.349341300895475
19.398204422224758,6.579663214686748,12.988933818455752,75.92122195799948,Clay,4.488530716747082,8.588283892644448
27.058780571123542,7.303629155788574,17.18120486345606,49.739291863051974,Sandy,0.8439238054454234,10.314959381667414
20.161852386431043,11.48652818804543,15.824190287238237,77.08138179185227,Loam,3.9936874839469096,9.37994785219828
23.5842044026317,10.341730876255884,16.96296763944379,42.41069561158243,Sandy,9.101346367821343,8.56501098796867
28.2668517909021,9.632033327294641,18.94944255909837,77.37744107222056,Sandy,8.08022629906553,7.958030585591923
25.19284005728639,10.036867866130786,17.614853961708587,54.06490748958538,Sandy,2.1605136501168722,11.037957934252741
21.76676566621208,10.695163410723342,16.23096453846771,44.05683313796866,Sandy,4.666077846972159,6.862886101888883
22.854088872220096,8.920480639381276,15.887284755800685,59.43487036745303,Loam,8.167232025585445,8.580617259178801
27.038793246804026,8.443390549195374,17.741091897999702,50.27106270882032,Clay,0.6738455478552252,11.422545430650853
22.80890010484859,10.391690510195364,16.600295307521975,51.39491607847691,Loam,3.873925856686593,11.075097302759806
25.649375768745923,8.043254444769936,16.846315106757928,52.29159859705146,Loam,8.518412368739476,8.40565057483828
25.13671551971144,10.816505511428943,17.976610515570194,72.12103591330654,Loam,4.038978641701237,10.57865018160785
23.04519895718255,6.594832791524319,14.820015874353434,61.56645106701018,Clay,0.7761464473144086,10.938964984253156
30.0,12.058311274651288,21.029155637325644,52.45230796624014,Sandy,5.425343685322515,11.333324544021778
26.901757066954033,10.945194964826086,18.92347601589006,64.41335133243673,Sandy,8.617424949182954,9.267034614295369
18.924572240027178,10.51205946862775,14.718315854327464,68.64602696892774,Sandy,5.902855429531597,7.226765316328271
25.559362944308283,11.965381967891028,18.762372456099655,50.90496002934135,Clay,2.262791082142318,7.53185445902359
23.014640605694836,13.330948888925153,18.172794747309993,56.541964061014056,Sandy,3.8423962013738135,7.774168044249626
27.557300004388672,12.028740130036262,19.793020067212467,44.8754437334779,Clay,4.5012336118193215,9.562814884857694
22.622437784701898,6.318251537336709,14.470344661019304,47.24597398138721,Sandy,5.792663538205268,6.19685774477165
24.655790675599302,7.4408460665285965,16.04831837106395,67.24471415859931,Sandy,7.59351025752613,9.816254812679809
26.51496183694137,8.750362844608642,17.632662340775006,47.25753390782508,Loam,0.988736176406354,8.186125430569392
27.597265582510364,10.052182100421668,18.824723841466017,61.006535346682405,Clay,8.896520330175663,7.771450814937853
21.39911077883267,11.035318040938247,16.217214409885457,68.3618504688973,Loam,0.1230970301607559,11.276979424368758
23.996496292477154,8.548512373693068,16.27250433308511,44.275076923789754,Loam,3.7005233467425525,8.760014373484793
23.575164066517132,10.373533528954157,16.974348797735644,62.692488785156144,Loam,0.2742030997265765,6.570318273196157
23.040012302278864,8.489234135293355,15.76462321878611,50.26251134805455,Clay,3.9297422534529125,10.960480608157482
30.0,8.776964394016103,19.388482197008052,78.5170750095032,Clay,5.258125988733237,6.28584754461904
26.214945132882868,7.186677806303555,16.700811469593212,59.34182586879699,Sandy,5.116813865815118,10.36049534500918
21.217348136994865,8.153533507778192,14.685440822386528,72.23970199100633,Loam,1.6562834702826534,10.643437330623991
27.753585841164327,7.296630788767333,17.52510831496583,62.00906168625047,Sandy,6.457405100956123,8.11561563557315
30.0,8.048253494045335,19.024126747022667,41.736501314192765,Loam,0.4477845050466822,10.94872713766672
28.09739578165344,12.10728359321568,20.102339687434558,65.32605502376089,Clay,7.619068201324154,9.09395643513872
20.44189010213796,8.101202222336115,14.271546162237037,78.05613368826627,Clay,9.466444339935462,8.77976191963678
23.547297781401245,15.0,19.27364889070062,64.06447280585326,Clay,3.397688271511179,6.272419688812155
28.800733447559868,10.986635801761778,19.89368462466082,72.7675543770716,Loam,5.17239381714332,7.740175161893435
22.876991603143658,10.369672247389747,16.623331925266704,75.36825853393631,Clay,3.789102780588144,11.5860598253118
26.331458284438686,8.283284439637573,17.30737136203813,49.1231908779573,Loam,0.06710390304059954,8.350943779701
27.32390216028801,11.400619758817983,19.362260959552998,48.48179359632907,Sandy,3.8587450289511596,9.280203123340609
22.21920858526575,8.848724347524453,15.533966466395102,64.43923955403967,Loam,7.917202592613465,9.19213007390551
24.8214239318146,10.244019629290722,17.532721780552663,56.44113879226819,Sandy,5.959888421834818,9.54258653893616
18.0,15.0,16.5,73.59445211466881,Loam,1.0125991461515893,6.367985733859696
21.92683707599713,9.8078802005507,15.867358638273917,76.00092493592044,Sandy,8.47139489693785,8.17305752879237
24.242295545820518,12.298546652571352,18.270421099195936,54.136855172108724,Clay,5.310853448852429,10.338769643295326
21.25665045410545,8.593647149748225,14.925148801926838,49.47482235897928,Sandy,8.417233617446762,7.203361506437897
29.897233911794906,9.930023019006077,19.913628465400492,71.22102060975448,Clay,5.802215187850294,7.221470265278162
20.7095758661181,13.54160127127102,17.12558856869456,50.99224142192544,Clay,5.596884448379399,6.060543640134148
23.67986653990905,8.746065884424466,16.21296621216676,72.90457274054714,Sandy,1.0525918519701238,8.624891559649258
25.392221731858275,13.624897115993857,19.508559423926066,56.94953014595051,Loam,1.6735973313862795,11.296406284040533
29.323819867198345,11.415503870910952,20.36966186905465,66.70199597165882,Loam,9.72025256496591,6.311405661523854
20.69241354646168,8.875066448211465,14.783739997336571,43.82141255338673,Loam,2.2848674675477074,7.1467122569760155
28.48949125646488,11.264815478111043,19.87715336728796,64.95437298706292,Loam,9.77452117990368,7.86050723005653
25.03069918305876,11.94510889925346,18.48790404115611,58.07070714948917,Loam,5.3191270652426335,10.390348419385276
22.055474046856148,11.243619924434393,16.64954698564527,63.46433852701897,Clay,1.3578904706393713,9.843813556815519
26.386310422789812,6.859550560219088,16.622930491504448,46.72056830979454,Loam,0.9930220275369295,8.495663427491131
25.59717908672041,8.545725648350263,17.071452367535336,69.47494979776728,Clay,2.0886407070574,10.554413635550254
23.199349368523617,9.50496272889699,16.352156048710302,74.51188310172914,Clay,9.256373300253358,9.657786069941412
25.209406254970055,9.851133141799908,17.53026969838498,48.669592003631024,Clay,4.141502243282268,11.376244797943315
23.84405920941472,11.241344195101355,17.542701702258036,43.82858222080647,Sandy,3.9543426799291437,10.908160494832158
25.340552035753745,10.355402001866508,17.847977018810127,40.94554344185346,Sandy,3.13206261070174,7.516881636535203
26.98639202356314,7.3293112825797975,17.157851653071468,65.67886001773064,Clay,1.4706185056658838,7.628631465805201
29.758050448436055,10.760395702011927,20.259223075223993,64.28376144355123,Sandy,4.878511971924064,6.752138854754314
21.286553503519453,11.221171490567647,16.25386249704355,61.8678965085628,Loam,1.3004778251113869,8.02178835430474
30.0,11.119580895862079,20.55979044793104,49.27788384463902,Loam,8.354802363823277,11.997263512314566
19.143736601432494,12.161561451109243,15.652649026270868,55.63623983622058,Clay,3.703969862753065,8.434507011690366
24.54464471489325,11.667844309097807,18.106244511995527,63.77905340744692,Loam,3.7480356778179633,7.322930608134638
26.76495161945373,10.918360158456874,18.8416558889553,59.87067435436678,Clay,4.740064284831559,10.574897306853318
25.842975603205097,9.859668577082706,17.851322090143903,79.51142080859549,Clay,4.441277131657516,9.254826020775937
23.13190144053822,6.678078132968017,14.904989786753118,45.45759010226932,Loam,9.948579730593215,6.897608697161715
24.375633248928175,10.859236438265171,17.617434843596673,67.80578216190375,Sandy,5.453811212183025,8.284138086965195
23.5209971960235,10.415375374326223,16.968186285174863,56.172750724171685,Loam,0.8820170378987069,8.486818293236059
23.231905729167366,10.543157674390747,16.887531701779057,57.12798459702459,Loam,6.0687734157693,10.522978203415311
27.548806291063073,7.446502848359382,17.497654569711226,68.70391062632706,Clay,1.5158429286987996,6.124028213351426
26.071046457895143,7.837886919183475,16.95446668853931,67.69744605297478,Clay,0.30937644731341973,7.614117880789863
22.921271214218038,12.106305706665808,17.513788460441923,79.65023974808753,Clay,9.70742153677248,9.105577807893132
27.698799626299753,9.92088969228669,18.80984465929322,45.135771578165006,Clay,7.735388915345639,7.6130804547170605
25.921898562629828,11.363001394745249,18.642449978687537,44.164385975366656,Sandy,9.801089924137669,9.770604284513993
27.43858635651688,10.056636752260923,18.7476115543889,68.97355268514964,Sandy,4.778784480222424,8.891204875647698
26.888886525770836,10.059512278991491,18.474199402381164,63.13547668025636,Sandy,5.322575311489761,8.170261529157484
22.513014967233783,11.876567611951995,17.19479128959289,50.96642666239224,Clay,1.6833695591913023,11.695251761223073
23.319456879409092,8.967910543565253,16.14368371148717,43.176774759559464,Clay,2.4690742666758556,9.792956995118745
27.241880815369786,10.192241553881967,18.717061184625877,43.42632998385722,Clay,8.385492149028282,6.779648233607647
26.831110796300393,9.075449422589916,17.953280109445153,75.76763498656473,Sandy,3.5618564711759415,9.360550184660372
24.937295218107554,9.131007545135368,17.034151381621463,47.67469298874972,Clay,8.26814973796419,10.684391119205406
25.351982149926346,9.381655753062722,17.366818951494533,52.93486248462083,Loam,7.090137242870318,10.250938184956784
28.832994687365275,10.444267543267426,19.63863111531635,49.066256089079516,Loam,1.771709252718655,7.032535375771556
23.22528583349251,9.042502756673045,16.133894295082776,54.1998522332775,Clay,5.074463661197422,11.834519994240619
26.641292143510114,12.511512251147042,19.576402197328576,42.77695370984374,Loam,6.773873215187169,8.692881874479635
24.39342204269832,8.210785395560992,16.302103719129654,60.76239163633082,Loam,2.350372148038251,6.954150022441568
24.34695639031834,9.626256711677282,16.986606550997813,42.7045025436886,Sandy,8.306885105200768,7.081174524768888
28.29633055596157,9.12053788345165,18.70843421970661,72.01426031289446,Clay,5.448276575451868,6.589409953134483
27.47624904696409,12.893955768707466,20.185102407835778,49.34848327641732,Clay,1.652420504426032,10.821108650609606
27.440528908001916,10.39310955302315,18.916819230512534,61.60047658418043,Sandy,5.829844261646024,6.7321829659310914
28.916436421462986,12.06368907893727,20.490062750200128,75.20316350245832,Loam,9.99713804155914,6.750751542850482
25.063011524898275,7.028879253926056,16.045945389412164,66.03509476188776,Loam,1.5052149166341355,11.102829688565027
27.045858913884892,10.534100531738517,18.789979722811704,61.318311462053416,Clay,8.16756930119528,8.067624506685359
24.069199730219633,11.779261591246874,17.924230660733254,52.973350124615024,Loam,2.0730900318755796,6.1851474258484345
25.972499057465328,10.16456797855085,18.06853351800809,53.320076522327916,Sandy,7.823883294600873,6.311371797110465
24.609570836896946,12.130960750130702,18.370265793513823,66.77947820792761,Sandy,7.345779231214133,6.853022680223374
25.290987894978155,8.965423099799256,17.128205497388706,79.7655744488467,Clay,3.0048938560043235,7.280360087854137
26.785471076310742,12.81869488037116,19.80208297834095,66.47356759397515,Sandy,3.2582311756444984,9.990877165430433
22.545337950299583,14.5977962472385,18.57156709876904,62.311336694801,Sandy,7.925213919629192,6.9439576800109695
30.0,9.274322879120682,19.63716143956034,69.22602040956984,Clay,4.614455118873126,6.713246347062432
21.981947855500895,9.108994957198457,15.545471406349677,58.60822449134872,Sandy,7.308180287118088,10.588314848857674
21.357434161636803,12.906768954235401,17.132101557936103,42.40569370403141,Sandy,1.4798414736583476,10.026331703159487
28.474332620500203,13.159144291461425,20.816738455980815,62.491872635116394,Sandy,8.525577819015535,8.611945328731418
27.37498808188881,8.954279945693463,18.164634013791137,78.3050113802152,Loam,7.108847166823191,9.295858628880623
26.872359451156466,9.159626365808286,18.015992908482374,47.01211769430638,Clay,9.069428088348339,7.871904121958511
26.88503652779284,9.436430782278986,18.160733655035912,67.60019563282663,Clay,1.3237237903497245,8.895002521412163
24.963259681459256,7.3110989779314455,16.13717932969535,48.037347546362255,Clay,5.930145003605976,9.040035893896475
22.308236885542506,8.162696107031604,15.235466496287055,61.43310737892325,Loam,5.991205850403252,8.323423627068575
25.22741367458118,7.991718466495865,16.60956607053852,43.86705798586878,Loam,3.5346074054678245,11.439433264032976
22.968514865463664,8.464404869791743,15.716459867627703,58.014837450327406,Clay,4.5846642456925775,6.096371189886037
27.925359200253254,9.930630225226437,18.927994712739846,70.24653315580984,Loam,0.3798156328985347,10.693027578547477
24.558827855493583,10.468429465073042,17.513628660283313,53.902860969559285,Clay,7.4586003862701205,6.746296987447946
22.523508409622465,13.101000985628154,17.81225469762531,66.59646897948872,Loam,5.4932247940317405,10.785284163223196
24.03584247504102,8.003291918522418,16.01956719678172,71.81799843158916,Sandy,0.5774105186917378,9.695471494060328
26.238794362826873,11.968644796953168,19.10371957989002,77.08711277917811,Sandy,6.8075589296048555,11.059668545618415
23.308826341588077,9.572022311548983,16.44042432656853,49.38568327421814,Clay,4.667820772311879,6.585085953845384
22.533338813300706,9.901072580695134,16.21720569699792,55.97263663237233,Loam,0.34461259425,9.353883804598645
25.731061634475736,11.349638984333208,18.540350309404474,46.0966405332167,Loam,9.696077268480954,9.006527281573183
25.73489971332617,7.754555956875403,16.744727835100786,79.69934008633501,Sandy,9.491121430894404,10.237159097780152
23.47917047388661,10.764819492368101,17.121994983127358,77.08003871697181,Sandy,5.129024161471976,9.205743311362054
23.58688508314503,10.332904416426112,16.959894749785573,61.59828521122238,Loam,0.936724207059102,9.244407402798625
25.69614981207291,10.984902528016299,18.340526170044605,73.68133177505685,Loam,7.546212215985918,8.577575661456388
20.655746975508027,10.578337287815636,15.617042131661831,60.83831909088168,Loam,4.919311001057291,7.853006544044045
20.777608676870337,14.91060027982179,17.84410447834606,64.94342752011039,Loam,3.0244747828937992,8.893586167513153
22.844667336242694,8.724520031497368,15.784593683870032,43.56497728464066,Loam,4.914181775285567,6.7109541526104035
24.35965854486446,8.938006089996364,16.64883231743041,70.21081681987232,Loam,5.224441454054645,11.769080033898508
25.932722696794013,8.753718947150471,17.343220821972242,45.10853934540939,Clay,5.627116990223392,10.286464581759589
29.426068650848656,8.88904576167949,19.157557206264073,73.04270521010113,Loam,4.412237136553266,11.71480270012708
27.572978869606057,8.725225745386965,18.149102307496513,71.28112350681543,Sandy,6.057553031390567,7.36036429397978
24.520184410109717,12.378033062215103,18.449108736162408,68.34978790971905,Clay,9.187347106063774,11.276046121059167
24.942951376291933,12.84100849597971,18.891979936135822,41.44641522099049,Loam,3.6226808709859117,10.852739907381231
21.992411906086573,8.858507412501048,15.42545965929381,52.12513423781314,Sandy,7.2571646321994905,10.06291447474604
24.944460592022832,8.335288853791543,16.639874722907187,50.524502796433715,Clay,8.944525568242321,9.750175116511235
24.134024083239584,10.942831112772808,17.538427598006194,54.40545629886076,Sandy,4.559792757599369,7.89929799160722
25.968155681014267,8.895553911438057,17.431854796226162,43.505709870553545,Loam,4.434558363819042,10.898464709790185
22.518307169343032,11.265863635511021,16.89208540242703,77.47831292124252,Loam,6.0211698535477955,9.009092768878403
26.558039542723517,10.405846041702599,18.481942792213058,62.15208962849505,Loam,5.914067594224881,6.425349455347712
29.598216739007732,6.968511770005536,18.283364254506633,52.22097242632094,Loam,8.06589342326277,7.8771789651307795
24.67371955462943,13.095010402660122,18.884364978644776,55.879260682971335,Clay,4.764833837782927,11.611782591271965
26.205135166296824,13.591755346191043,19.89844525624393,57.888101620193424,Clay,9.961229496394411,11.104081563629077
27.07043197513334,8.774422619031228,17.922427297082283,64.02377333442469,Sandy,0.5947156886728078,11.891434188459236
23.796338584342493,9.224596880128031,16.510467732235263,60.62717710785991,Loam,0.031678485807017376,9.767960295624588
25.67227744543125,10.57173078144981,18.12200411344053,76.7756789285767,Sandy,6.401983115596238,7.4850604388424715
25.037777202345385,10.668913579974049,17.853345391159717,59.87853931623321,Clay,2.9843491236187667,6.976890298061183
25.293028295646494,11.31708854534566,18.305058420496078,79.6863205929325,Loam,2.403823886994838,7.12148664365077
22.6809706484336,14.0204090775327,18.35068986298315,74.05699830980383,Loam,3.1189908000428046,6.1187739500835265
25.073530522776828,9.6461055450119,17.359818033894364,48.34042057429343,Clay,2.560475651049543,8.344092665915635
26.493994873736348,8.403405510923093,17.44870019232972,77.22380858575664,Clay,0.3079004966044785,7.148566082997255
29.353430823385125,7.241361543970946,18.297396183678035,44.65465591541904,Clay,9.715330423905886,8.469932762740214
27.87781247825562,8.538139920116162,18.207976199185893,72.69798833964767,Clay,2.2074548845278175,11.609966591032592
30.0,9.933746054252406,19.966873027126205,55.2249317390632,Clay,7.340297625893063,8.58324125704314
22.697957311335852,13.589115727035576,18.143536519185716,75.11897281780278,Loam,7.625963946941753,11.26790698190901
27.616961910162033,8.964777401927657,18.290869656044844,74.72226760429801,Clay,9.292573980072293,9.633028599695258
25.550026017215057,10.447575903277796,17.998800960246427,72.23701600470486,Loam,0.3054945709337997,7.4827893279683515
30.0,9.967154207854495,19.983577103927246,71.60121745228246,Loam,8.720483384470077,8.13512855555527
22.575105143934547,12.376786546896168,17.475945845415357,52.18716556392163,Clay,5.272261808398002,6.503517214928577
22.480834473457673,15.0,18.740417236728838,43.23677132205009,Clay,6.325441099658279,8.000775561576063
23.201822063667933,8.938262454159359,16.070042258913645,56.11920715060646,Loam,6.444702771210337,10.065245673021204
18.62831282707058,9.021121114963556,13.824716971017068,46.940980599460346,Clay,8.197978049847276,6.432666557576611
23.422734934957717,12.088321754138144,17.75552834454793,67.79804355609846,Clay,3.334073221591105,7.232408450868176
22.722602015338907,11.363782979252623,17.043192497295763,53.84398906151142,Clay,7.330511898599934,8.288646248479868
25.451181359428624,13.693414651472068,19.572298005450346,79.0244080343966,Sandy,5.285781097221971,11.892297222095776
26.025267927331477,11.167856370651927,18.5965621489917,65.63888309381328,Loam,7.933940143053477,10.709170937753282
30.0,9.28141581842588,19.640707909212942,72.89922254537444,Sandy,9.905460327701334,10.400920478952624
27.85127151455815,11.181309661384619,19.516290587971383,45.30098690967394,Clay,2.0065101740376123,6.697145739152676
23.26928903301279,12.217407161165816,17.743348097089303,74.4805792909049,Sandy,9.94648641559998,10.685975361689948
22.304755985954927,11.640964362394728,16.972860174174826,76.91028762053577,Clay,0.89812154282774,10.71161286909609
26.47575751451952,11.014548062214596,18.745152788367058,59.482476752757435,Sandy,0.02317547904813866,9.60661617374597
21.039300378938073,12.133349379178307,16.58632487905819,64.2501175100391,Clay,0.4416193617783126,11.942170691990231
30.0,12.338591180891346,21.16929559044567,70.59239203611982,Sandy,3.417824047367617,7.951523435547312
28.538320362163862,12.764317982075054,20.651319172119457,46.993545090416504,Sandy,6.329063306784342,11.64763468945111
23.592473043685885,11.297419775179286,17.444946409432585,60.102643058537694,Sandy,0.6902954088784963,11.488386689739022
19.860596412727368,9.665763839366292,14.76318012604683,55.946521110892526,Loam,0.0566581452956727,6.068883958496267
29.061617122496237,10.293427372866645,19.67752224768144,45.85495968648996,Sandy,9.370910284587948,8.700699158848867
24.656380464242147,12.413017933016715,18.534699198629433,54.701376891661255,Loam,8.219266359399297,11.86262539830944
28.713448935920386,8.366128658025527,18.539788796972957,42.726892375419744,Clay,8.091831711390311,6.618728174448455
20.216717023616898,10.737346617745802,15.47703182068135,41.03247627797948,Sandy,8.84424275501977,9.286708166299917
23.201874931138683,9.213322375345278,16.20759865324198,45.40665156619291,Clay,7.000342727721044,11.873745042246625
25.01573109915455,10.057489645869635,17.536610372512094,78.52460446356696,Clay,1.0440412974808144,9.332972544635162
25.140941781294227,12.556903725214598,18.848922753254413,61.98118143580068,Sandy,3.9910018807372305,7.138891817832936
23.649803585562267,10.382198136039806,17.016000860801036,78.6328864461288,Loam,7.2314948646462955,9.493099380555538
26.868549797042498,10.092873096312298,18.480711446677397,57.299915133205275,Sandy,2.803344607915209,7.226643443697281
21.797138711852217,7.280287718040162,14.538713214946188,52.47264532341038,Clay,6.874063641362376,9.118225577366905
24.57286154493612,11.492507132054442,18.03268433849528,60.245674513609764,Clay,0.2449844826765235,6.444253307474088
25.360886895135696,11.29096836228215,18.325927628708925,57.58046754531641,Sandy,3.061373408795932,9.632896015286427
26.543316502176246,14.32650944661092,20.434912974393583,44.22658737046976,Loam,5.491303362771727,9.10073963476895
27.13484463426667,9.384443530093998,18.259644082180333,65.63305258760825,Loam,6.320898295062422,10.440968212568778
21.626073724486393,10.438300655327877,16.032187189907134,48.641527300383984,Clay,5.770406644619108,9.784202826952711
20.397657487793133,10.498767367421511,15.448212427607322,64.78351819591319,Clay,6.977562760734295,9.297637611184541
28.83303046569553,13.15490655952695,20.99396851261124,66.00804369592613,Loam,0.0608874823983907,10.138673095488727
25.996942035938776,9.809408935226095,17.903175485582437,46.08099412514592,Sandy,1.009411999775215,6.863651481433385
22.75454039033034,10.558043051540679,16.65629172093551,42.453985084426726,Clay,8.68944252279145,9.572157967551625
29.653455926567567,11.215793019433079,20.434624473000323,71.2304634427376,Loam,6.817486440901613,7.0326636169366665
25.347023902878576,10.373218246312716,17.860121074595646,58.392016950772806,Clay,1.129316426860113,11.553133247111285
28.53789155219148,9.107132770898943,18.822512161545212,42.32655182021903,Sandy,8.420744373985793,6.410004629073625
25.202555444230327,10.388179985796615,17.79536771501347,79.79465268679068,Loam,2.422312178245669,8.582248498144759
30.0,12.147263499719545,21.07363174985977,42.31122243985467,Clay,4.782598841952234,10.174784865932669
30.0,7.9469694011778795,18.97348470058894,67.80140915434212,Sandy,1.451965128846603,8.748133270009554
24.253107554562778,10.265939348293752,17.259523451428265,79.34715701053653,Clay,7.101100564217067,6.552571519397414
27.914712852863065,8.599758370121654,18.25723561149236,49.567204168637026,Sandy,6.668544210142678,9.320274096760244
26.936127848755444,12.390093257849685,19.663110553302566,45.689974747487845,Sandy,2.111124711661362,9.849791452964126
29.105894672597046,6.95362619043245,18.02976043151475,44.855397576897154,Loam,8.634007668570018,10.222753865943046
22.105229618259685,8.882156305456823,15.493692961858255,52.13100590270382,Sandy,4.013060242197122,8.239558886776553
27.05815437999532,10.754423750129043,18.906289065062182,44.041832440425864,Clay,2.9251509107074183,9.381959826172572
28.175273460548762,13.13104805846868,20.653160759508722,67.68645366776528,Sandy,1.5232958946453545,8.704118849633478
19.723781540730656,9.868499477854025,14.79614050929234,42.49167192520251,Sandy,2.6616801251553746,10.03233623251352
21.450224462002673,8.889600946613603,15.169912704308139,60.37688512599159,Loam,0.22026921223816998,9.501341803948911
18.882303466719698,13.76231413888118,16.32230880280044,79.86787415411908,Sandy,5.832574924561156,9.154537317354809
24.191779496666328,7.1039721991675115,15.64787584791692,72.55881078024075,Sandy,8.422307463439479,7.497146201029492
27.152626767387886,5.602388086759836,16.377507427073862,64.60877752924043,Clay,5.489804494416418,6.012111106489403
29.507071156288085,10.880028900106664,20.193550028197375,52.25014483146447,Loam,2.192739619238757,7.044490051868576
25.222284341259325,8.995891551294777,17.10908794627705,64.95583345166554,Loam,0.3366917821387272,6.702396248545012
29.885846636713875,7.9575343657385735,18.921690501226223,61.08165855646607,Loam,2.1462807325880284,8.694508470065681
20.859695625355325,11.416712894598707,16.138204259977016,57.04333535561486,Sandy,4.161214280710923,9.673548904571067
19.889852681934535,10.487601427542398,15.188727054738466,45.228415069607976,Loam,7.596114286997965,7.2785100521088495
24.833356903310143,8.871842738526544,16.852599820918343,75.46416860961867,Sandy,1.878428525377741,11.634342575803123
26.152196346817924,7.439391202658211,16.795793774738065,57.9913859528529,Sandy,7.197914533546861,6.040092775343327
24.90191575571772,11.74491465656029,18.323415206139003,47.7849004728306,Clay,8.669334683518837,10.633806090992056
18.79767369988037,11.300402355917322,15.049038027898845,54.71037403509158,Clay,4.539468481083571,9.751228617182655
24.732639881461633,9.801648272441234,17.267144076951432,56.565190101157086,Clay,8.214319916425932,8.241328806286091
21.08659149848544,13.693273992095332,17.389932745290388,73.10151582267497,Clay,5.546573480350956,6.3029336664744475
27.009017646490115,7.859830467347695,17.434424056918907,69.34457522245609,Clay,6.370908370809049,9.764919430705676
26.099794738290544,6.948949658150522,16.524372198220533,70.77219574565359,Sandy,5.262784603382027,8.313681077193888
22.180360641017934,8.616183860237511,15.398272250627723,40.44125057714589,Sandy,4.631727167513418,11.617602836479314
23.45839924798992,9.908827967289005,16.68361360763946,56.64615992719046,Loam,2.3465344177584937,9.251940449338596
21.822359434333144,10.486678898645383,16.154519166489266,59.25376606541295,Sandy,3.0319405946104605,11.637909067761049
24.811962708180484,9.51752788428734,17.16474529623391,40.76769107292227,Sandy,2.8997011894360902,7.322902160839824
27.865426961503715,10.704110793028594,19.284768877266153,50.39252834980137,Clay,5.632889309538147,10.35435546218462
22.04282186099337,7.496921151619112,14.769871506306242,70.4115929248854,Sandy,1.1995369302388992,9.703494125092355
26.512139546553534,12.88752920814652,19.699834377350026,45.48438822915996,Clay,9.16791690702335,10.43644937898787
23.409227144882678,9.835697643214862,16.62246239404877,61.41240525810367,Loam,7.206551452831133,7.288007183835221
22.621381503212966,12.234591663176255,17.42798658319461,48.6080748806895,Loam,4.014456309131936,9.989967097426643
24.678908920136326,10.685450692755408,17.682179806445866,40.48483098575573,Sandy,1.5862414452637796,8.988242358341214
21.89427303274188,10.913506438307568,16.40388973552472,49.64805830398166,Loam,8.819921697216358,10.456949849437898
23.339052083958453,11.139534560464408,17.23929332221143,79.03495019640215,Sandy,8.237780901011652,7.962267864910906
21.406366322233453,10.89541712003463,16.15089172113404,72.06148447531959,Loam,7.217215527171793,11.340342152791514
30.0,11.285445519735088,20.642722759867546,78.38306577284133,Clay,2.715470474112424,6.5058078876681025
25.105790655915186,12.658305060264862,18.882047858090026,59.514161757054495,Clay,4.024466374336689,10.843135912747128
22.900823476022243,10.39304233940294,16.646932907712593,44.38944794710014,Clay,1.0274825245242336,11.167917754890546
25.641939732202665,11.418007515177024,18.529973623689845,61.91837955894772,Clay,1.8903952472753172,10.903513868200928
24.66301585092751,9.820528611425546,17.24177223117653,58.17509338239844,Sandy,7.830166373167328,9.076358365570655
24.33709120140033,12.880234430898945,18.60866281614964,73.77428330958463,Loam,7.150387188506838,8.630309880184567
26.842500100130277,8.64721539588146,17.74485774800587,43.923303231369786,Sandy,5.934857629759347,11.97757371914926
27.272523130141916,13.60188086582163,20.437201997981774,59.529645480871125,Clay,8.957267259261728,7.375031707284973
23.40849655716842,9.919684098711313,16.664090327939867,46.00194658775937,Sandy,5.832665178130454,9.281255795256268
23.27254527806596,7.138449795763904,15.205497536914931,52.9870370756024,Loam,4.669679999636108,10.024053152293954
24.17484490854507,10.256208829821578,17.21552686918332,69.49428309551199,Sandy,3.4037074630576267,10.205205815168592
18.094236505793248,8.637896685050238,13.366066595421742,59.04072517475066,Loam,9.404485057361725,7.224147994431473
20.454426813404343,11.681287097977448,16.067856955690896,55.035531405830774,Sandy,0.827154615243535,9.923964554038808
29.100622802333575,8.694752041395219,18.897687421864397,55.779051142801414,Loam,9.308873720608084,10.910217398888024
29.93490314050385,9.10763313357044,19.521268137037143,58.377870736239466,Loam,8.267146599310184,6.300111460926673
24.252891881330864,6.220918538108938,15.2369052097199,71.40066175348227,Clay,1.299299245357013,11.469127759951899
26.7296708891673,9.095387361501846,17.912529125334572,75.68338755760938,Loam,5.649843576752536,6.177024330871236
25.93375046363061,5.152241346742087,15.542995905186348,78.21338746015712,Clay,8.66547981749087,8.135826194930367
30.0,6.832194353028553,18.416097176514278,71.4761354502118,Clay,5.718091636071537,6.094879177397773
28.35872473430373,11.520829312288594,19.939777023296163,52.61627582992051,Clay,9.071998215606223,6.462871011237491
24.6162472255577,11.571600317301664,18.093923771429683,67.52538824346169,Sandy,9.429838168160424,11.467009711080475
22.133378678198724,10.85091512356993,16.49214690088433,57.50412496221568,Sandy,4.223845221843058,8.129164984476887
20.18066103922728,8.066047713741574,14.123354376484428,50.18682488184204,Sandy,3.773136614063236,8.548629182550318
25.61039090760167,9.904577287716041,17.757484097658853,73.6348631770369,Sandy,9.363211539691568,7.292066288295316
22.73094776414709,9.992794921818863,16.361871342982976,41.537053958493,Loam,6.751400611496681,9.582574621120319
20.73323887120698,7.6832706216149145,14.208254746410947,76.07047968541694,Loam,1.1602268134816929,9.568819288066738
23.060281347272422,13.006796603534301,18.03353897540336,58.45909858498936,Sandy,0.42291749222681196,8.233202350951316
21.755355989156815,11.754724581151343,16.75504028515408,65.48805907233123,Loam,5.646290509972632,7.998209230832391
30.0,9.558071652340672,19.779035826170336,66.37415688823131,Loam,9.301709654384245,11.309785849083527
27.64491927084835,10.053771677989062,18.849345474418705,75.80470962826146,Clay,8.442487024058185,8.29970543785321
24.976082076050147,10.416765615895105,17.696423845972625,65.46678728668829,Clay,6.758477464643365,8.961005952926449
29.43983241667008,5.916530263151419,17.67818133991075,64.55734339040248,Clay,1.3911584889108752,7.699828574549584
25.232104922942856,9.505645234958806,17.36887507895083,42.6660816224276,Clay,2.542313837486956,10.720617020142765
22.41614739601521,8.636031504004404,15.526089450009806,60.73632087780816,Loam,8.755112265526162,8.38468894139455
29.56937223180897,7.996759980210169,18.78306610600957,46.00676003268167,Sandy,1.8280723665690046,9.081666279265947
26.616730131053977,9.43779941422809,18.027264772641033,69.49735074885942,Loam,2.7843940825043454,7.520143020357969
21.888261537020632,13.595373053699046,17.741817295359837,60.488876832506975,Loam,1.2960065119544195,11.92595755404751
24.428983965749175,11.28168572253402,17.8553348441416,67.20911116833413,Loam,6.761082314144112,7.748974445542338
22.373145239845726,8.857642020434406,15.615393630140066,41.66691602409537,Clay,9.439823053632097,10.624455185433309
20.85160080710699,11.145165562712318,15.998383184909654,43.39168064183213,Clay,2.6896803159538596,8.564973902140554
